{"cameraMode":{"drawMode":0,"name":"Shaded","section":"Shading Mode"},"sceneLighting":true,"audioPlay":false,"sceneViewState":{"showFog":false,"showMaterialUpdate":true,"showSkybox":true,"showFlares":true,"showImageEffects":true,"showParticleSystems":true},"in2DMode":false,"pivot":{"x":-13.575836181640625,"y":-0.02698659896850586,"z":13.857291221618653},"rotation":{"x":-0.10654997080564499,"y":-0.23249326646327973,"z":0.025631636381149293,"w":-0.9664093255996704},"size":17.239349365234376,"orthographic":false}